データ区分,取引区分,製造指示番号,製造指示行番号,製造予定番号,製造予定行番号,受注番号,受注行番号,会計年月,事業所コード,事業所名,部門コード,部門名,担当者コード,担当者名,製造先コード,製造先名,品種分類コード,品種分類名,品種コード,品種名,商品コード,商品名,規格,ロット番号,製造構成パターンコード,製造構成パターン名,製造開始日,開始バケットコード,開始バケット名,製造納期,納期バケットコード,納期バケット名,検査フラグ,検査フラグ名,製品数,商品ランク,商品ランク名,受入指示数,受入数,単位名,消費税内外区分,掛率,外注単価,外注金額,外注消費税,原価単価,原価金額,倉庫コード,倉庫名,型式1,型式2,図番,設備コード,設備名,製番,受入明細摘要,支払先コード,支払先名,消費税内外表記区分,支払区分,支払帳端区分,支払方法コード,支払方法名,支払予定日,案件番号,債務科目区分,債務科目区分名,セグメントコード１,セグメントコード１名,セグメントコード２,セグメントコード２名,セグメントコード３,セグメントコード３名,得意先部門コード分類コード,得意先部門コード分類名,部門グループ2分類コード,部門グループ2分類名,分析3コード,分析3コード名,分析4コード,分析4コード名,分析5コード,分析5コード名,製造ステータス,承認ステータス,製造指示エントリ区分,製造指示確定区分,取消ステータス,HUKLA品番,仕様,ピース,パーツ,木色,張地1,張地2,特区,進捗登録日,進捗摘要
製造指示,内作,SZS000056526,1,,,,0,2020/02,100,日本フクラ,0061,南濃工場,8205,検査,A0Z001,自倉庫,4,その他,Z001,作業,Z051,検査・梱包,N528       50       BW  22/5507,,,,2020/06/09,,,2020/06/09,,,0,検査しない,1,0,A,20,20,　,,0,0,0,0,0,0,A10000,南濃倉庫,,,,5101,検査,JUC000006205-01,UG,,,,,今回,,,,,,,,,,,,,,,,,,,,,,,完了,承認済,製番手配入力,確定,,N528,,50,,BW,22/5507,,,2020/06/10,
製造指示,内作,SZS000056532,1,,,,0,2020/02,100,日本フクラ,0061,南濃工場,8205,検査,A0Z001,自倉庫,4,その他,Z001,作業,Z051,検査・梱包,N528       41       BW  22/5507,,,,2020/06/09,,,2020/06/09,,,0,検査しない,1,0,A,20,20,　,,0,0,0,0,0,0,A10000,南濃倉庫,,,,5101,検査,JUC000006205-02,,,,,,今回,,,,,,,,,,,,,,,,,,,,,,,完了,承認済,製番手配入力,確定,,N528,,41,,BW,22/5507,,,2020/06/10,
製造指示,内作,SZS000056538,1,,,,0,2020/02,100,日本フクラ,0061,南濃工場,8205,検査,A0Z001,自倉庫,4,その他,Z001,作業,Z051,検査・梱包,N528       17       BW  22/5507,,,,2020/06/09,,,2020/06/09,,,0,検査しない,1,0,A,20,20,　,,0,0,0,0,0,0,A10000,南濃倉庫,,,,5101,検査,JUC000006205-03,,,,,,今回,,,,,,,,,,,,,,,,,,,,,,,完了,承認済,製番手配入力,確定,,N528,,17,,BW,22/5507,,,2020/06/16,
製造指示,内作,SZS000056543,1,,,,0,2020/02,100,日本フクラ,0061,南濃工場,8205,検査,A0Z001,自倉庫,4,その他,Z001,作業,Z051,検査・梱包,N528       37           22/5507,,,,2020/06/09,,,2020/06/09,,,0,検査しない,2,0,A,20,20,　,,0,0,0,0,0,0,A10000,南濃倉庫,,,,5101,検査,JUC000006205-04,,,,,,今回,,,,,,,,,,,,,,,,,,,,,,,完了,承認済,製番手配入力,確定,,N528,,37,,,22/5507,,,2020/06/10,
製造指示,内作,SZS000056548,1,,,,0,2020/02,100,日本フクラ,0061,南濃工場,8205,検査,A0Z001,自倉庫,4,その他,Z001,作業,Z051,検査・梱包,N528       36           28/8807,,,,2020/06/09,,,2020/06/09,,,0,検査しない,1,0,A,10,10,　,,0,0,0,0,0,0,A10000,南濃倉庫,,,,5101,検査,JUC000006205-05,,,,,,今回,,,,,,,,,,,,,,,,,,,,,,,完了,承認済,製番手配入力,確定,,N528,,36,,,28/8807,,,2020/06/10,
製造指示,内作,SZS000056553,1,,,,0,2020/02,100,日本フクラ,0061,南濃工場,8205,検査,A0Z001,自倉庫,4,その他,Z001,作業,Z051,検査・梱包,CU      FN 4545         22/2607,,,,2020/06/09,,,2020/06/09,,,0,検査しない,1,0,A,10,10,　,,0,0,0,0,0,0,A10000,南濃倉庫,,,,5101,検査,JUC000006205-06,,,,,,今回,,,,,,,,,,,,,,,,,,,,,,,完了,承認済,製番手配入力,確定,,CU,FN,4545,,,22/2607,,,2020/06/10,
製造指示,内作,SZS000061519,1,,,,0,2020/03,100,日本フクラ,0061,南濃工場,8205,検査,A0Z001,自倉庫,4,その他,Z001,作業,Z051,検査・梱包,ELT001  N  8080     GS,,,,2020/06/09,,,2020/06/09,,,0,検査しない,1,0,A,20,20,　,,0,0,0,0,0,0,A10000,南濃倉庫,,,,5101,検査,JUC000006828-01,№4679切替,,,,,今回,,,,,,,,,,,,,,,,,,,,,,,完了,承認済,製番手配入力,確定,,ELT001,N,8080,,GS,,,,2020/06/10,
製造指示,内作,SZS000064647,1,,,,0,2020/03,100,日本フクラ,0061,南濃工場,8205,検査,A0Z001,自倉庫,4,その他,Z001,作業,Z051,検査・梱包,CH232   IN 09           SN/03,,,,2020/06/09,,,2020/06/09,,,0,検査しない,1,0,A,20,20,　,,0,0,0,0,0,0,A10000,南濃倉庫,,,,5101,検査,JUC000007189-01,09：残3　C：残6,,,,,今回,,,,,,,,,,,,,,,,,,,,,,,完了,承認済,製番手配入力,確定,,CH232,IN,09,,,SN/03,,,2020/06/10,
製造指示,内作,SZS000064650,1,,,,0,2020/03,100,日本フクラ,0061,南濃工場,8205,検査,A0Z001,自倉庫,4,その他,Z001,作業,Z051,検査・梱包,CH232   IN 49           SN/03,,,,2020/06/09,,,2020/06/09,,,0,検査しない,1,0,A,20,20,　,,0,0,0,0,0,0,A10000,南濃倉庫,,,,5101,検査,JUC000007189-02,49：残8　C：残5,,,,,今回,,,,,,,,,,,,,,,,,,,,,,,完了,承認済,製番手配入力,確定,,CH232,IN,49,,,SN/03,,,2020/06/10,
製造指示,内作,SZS000064653,1,,,,0,2020/03,100,日本フクラ,0061,南濃工場,8205,検査,A0Z001,自倉庫,4,その他,Z001,作業,Z051,検査・梱包,CH232   IN 17           SN/03,,,,2020/06/09,,,2020/06/09,,,0,検査しない,1,0,A,20,20,　,,0,0,0,0,0,0,A10000,南濃倉庫,,,,5101,検査,JUC000007189-03,17：残13　C:残6,,,,,今回,,,,,,,,,,,,,,,,,,,,,,,完了,承認済,製番手配入力,確定,,CH232,IN,17,,,SN/03,,,2020/06/10,
製造指示,内作,SZS000064656,1,,,,0,2020/03,100,日本フクラ,0061,南濃工場,8205,検査,A0Z001,自倉庫,4,その他,Z001,作業,Z051,検査・梱包,CH232   IN 37           SN/03,,,,2020/06/09,,,2020/06/09,,,0,検査しない,2,0,A,10,10,　,,0,0,0,0,0,0,A10000,南濃倉庫,,,,5101,検査,JUC000007189-04,37：OK　C：3/26ETD入荷未定,,,,,今回,,,,,,,,,,,,,,,,,,,,,,,完了,承認済,製番手配入力,確定,,CH232,IN,37,,,SN/03,,,2020/06/10,
製造指示,内作,SZS000069685,1,,,,0,2020/04,100,日本フクラ,0061,南濃工場,8205,検査,A0Z001,自倉庫,4,その他,Z001,作業,Z051,検査・梱包,CH232   IN 06           SP/126N,,,,2020/06/09,,,2020/06/09,,,0,検査しない,1,0,A,20,0,　,,0,0,0,0,0,0,A10000,南濃倉庫,,,,5101,検査,JUC000007861-01,B:ﾊﾞｲｵｰﾀﾞｰ　C:残4,,,,,今回,,,,,,,,,,,,,,,,,,,,,,,中止,承認済,製番手配入力,確定,,CH232,IN,06,,,SP/126N,,,,
製造指示,内作,SZS000069688,1,,,,0,2020/04,100,日本フクラ,0061,南濃工場,8205,検査,A0Z001,自倉庫,4,その他,Z001,作業,Z051,検査・梱包,CH232   IN 37           SP/126N,,,,2020/06/09,,,2020/06/09,,,0,検査しない,1,0,A,5,0,　,,0,0,0,0,0,0,A10000,南濃倉庫,,,,5101,検査,JUC000007861-02,C:残4,,,,,今回,,,,,,,,,,,,,,,,,,,,,,,中止,承認済,製番手配入力,確定,,CH232,IN,37,,,SP/126N,,,,
製造指示,内作,SZS000071256,1,,,,0,2020/04,100,日本フクラ,0061,南濃工場,8205,検査,A0Z001,自倉庫,4,その他,Z001,作業,Z051,検査・梱包,N264    AN 50L          48/2609,,,,2020/06/09,,,2020/06/09,,,0,検査しない,1,0,A,20,0,　,,0,0,0,0,0,0,A10000,南濃倉庫,,,,5101,検査,JUC000008087-01,UG №4960切替　(№1450より切替),,,,,今回,,,,,,,,,,,,,,,,,,,,,,,中止,承認済,製番手配入力,確定,,N264,AN,50L,,,48/2609,,,,
製造指示,内作,SZS000071261,1,,,,0,2020/04,100,日本フクラ,0061,南濃工場,8205,検査,A0Z001,自倉庫,4,その他,Z001,作業,Z051,検査・梱包,N264       36           48/2609,,,,2020/06/09,,,2020/06/09,,,0,検査しない,2,0,A,20,0,　,,0,0,0,0,0,0,A10000,南濃倉庫,,,,5101,検査,JUC000008087-02,№4960切替(№1450より切替),,,,,今回,,,,,,,,,,,,,,,,,,,,,,,中止,承認済,製番手配入力,確定,,N264,,36,,,48/2609,,,,
製造指示,内作,SZS000073860,1,,,,0,2020/05,100,日本フクラ,0061,南濃工場,8205,検査,A0Z001,自倉庫,4,その他,Z001,作業,Z051,検査・梱包,0002,,,,2020/06/09,,,2020/06/09,,,0,検査しない,1,0,A,20,15,　,,0,0,0,0,0,0,A10000,南濃倉庫,,,,5101,検査,JUC000008419-01,東 修理5265 T307 02 18/5162 座のみ張替,,,,,今回,,,,,,,,,,,,,,,,,,,,,,,未完了,承認済,製番手配入力,確定,,0002,,,,,,,,2020/06/09,
製造指示,内作,SZS000074488,1,,,,0,2020/05,100,日本フクラ,0061,南濃工場,8205,検査,A0Z001,自倉庫,4,その他,Z001,作業,Z051,検査・梱包,N264    AN 02           18/3919       1,,,,2020/06/09,,,2020/06/09,,,0,検査しない,1,0,A,20,20,　,,0,0,0,0,0,0,A10000,南濃倉庫,,,,5101,検査,JUC000008498-01,UG 　1:ﾄﾗｲｱﾙ脚,,,,,今回,,,,,,,,,,,,,,,,,,,,,,,完了,承認済,製番手配入力,確定,,N264,AN,02,,,18/3919,,1,2020/06/10,
製造指示,内作,SZS000074493,1,,,,0,2020/05,100,日本フクラ,0061,南濃工場,8205,検査,A0Z001,自倉庫,4,その他,Z001,作業,Z051,検査・梱包,N264       36           18/3919,,,,2020/06/09,,,2020/06/09,,,0,検査しない,2,0,A,20,20,　,,0,0,0,0,0,0,A10000,南濃倉庫,,,,5101,検査,JUC000008498-02,,,,,,今回,,,,,,,,,,,,,,,,,,,,,,,完了,承認済,製番手配入力,確定,,N264,,36,,,18/3919,,,2020/06/10,
製造指示,内作,SZS000074498,1,,,,0,2020/05,100,日本フクラ,0061,南濃工場,8205,検査,A0Z001,自倉庫,4,その他,Z001,作業,Z051,検査・梱包,CU      FN 4545         48/4947,,,,2020/06/09,,,2020/06/09,,,0,検査しない,1,0,A,10,10,　,,0,0,0,0,0,0,A10000,南濃倉庫,,,,5101,検査,JUC000008498-03,,,,,,今回,,,,,,,,,,,,,,,,,,,,,,,完了,承認済,製番手配入力,確定,,CU,FN,4545,,,48/4947,,,2020/06/10,
製造指示,内作,SZS000075151,1,,,,0,2020/05,100,日本フクラ,0061,南濃工場,8205,検査,A0Z001,自倉庫,4,その他,Z001,作業,Z051,検査・梱包,T043    W  03       NA  18/392818/5169,,,,2020/06/09,,,2020/06/09,,,0,検査しない,1,0,A,20,20,　,,0,0,0,0,0,0,A10000,南濃倉庫,,,,5101,検査,JUC000008578-01,UG,,,,,今回,,,,,,,,,,,,,,,,,,,,,,,完了,承認済,製番手配入力,確定,,T043,W,03,,NA,18/3928,18/5169,,2020/06/11,
製造指示,内作,SZS000075275,1,,,,0,2020/05,100,日本フクラ,0061,南濃工場,8205,検査,A0Z001,自倉庫,4,その他,Z001,作業,Z051,検査・梱包,N264    AN 06           38/2546        1,,,,2020/06/09,,,2020/06/09,,,0,検査しない,1,0,A,20,20,　,,0,0,0,0,0,0,A10000,南濃倉庫,,,,5101,検査,JUC000008594-01,UG　1:ﾄﾗｲｱﾙ脚,,,,,今回,,,,,,,,,,,,,,,,,,,,,,,完了,承認済,製番手配入力,確定,,N264,AN,06,,,38/2546,,1,2020/06/10,
製造指示,内作,SZS000075281,1,,,,0,2020/05,100,日本フクラ,0061,南濃工場,8205,検査,A0Z001,自倉庫,4,その他,Z001,作業,Z051,検査・梱包,N264    AN 49S          38/2546        1,,,,2020/06/09,,,2020/06/09,,,0,検査しない,1,0,A,20,20,　,,0,0,0,0,0,0,A10000,南濃倉庫,,,,5101,検査,JUC000008594-02,1:ﾄﾗｲｱﾙ脚,,,,,今回,,,,,,,,,,,,,,,,,,,,,,,完了,承認済,製番手配入力,確定,,N264,AN,49S,,,38/2546,,1,2020/06/10,
製造指示,内作,SZS000075286,1,,,,0,2020/05,100,日本フクラ,0061,南濃工場,8205,検査,A0Z001,自倉庫,4,その他,Z001,作業,Z051,検査・梱包,N264       36           48/2207,,,,2020/06/09,,,2020/06/09,,,0,検査しない,3,0,A,30,30,　,,0,0,0,0,0,0,A10000,南濃倉庫,,,,5101,検査,JUC000008594-03,,,,,,今回,,,,,,,,,,,,,,,,,,,,,,,完了,承認済,製番手配入力,確定,,N264,,36,,,48/2207,,,2020/06/10,
製造指示,内作,SZS000075291,1,,,,0,2020/05,100,日本フクラ,0061,南濃工場,8205,検査,A0Z001,自倉庫,4,その他,Z001,作業,Z051,検査・梱包,CU      FN 4545         22/2807,,,,2020/06/09,,,2020/06/09,,,0,検査しない,1,0,A,10,10,　,,0,0,0,0,0,0,A10000,南濃倉庫,,,,5101,検査,JUC000008594-04,,,,,,今回,,,,,,,,,,,,,,,,,,,,,,,完了,承認済,製番手配入力,確定,,CU,FN,4545,,,22/2807,,,2020/06/10,
製造指示,内作,SZS000075296,1,,,,0,2020/05,100,日本フクラ,0061,南濃工場,8205,検査,A0Z001,自倉庫,4,その他,Z001,作業,Z051,検査・梱包,CU      FN 4545         22/2807,,,,2020/06/09,,,2020/06/09,,,0,検査しない,1,0,A,10,10,　,,0,0,0,0,0,0,A10000,南濃倉庫,,,,5101,検査,JUC000008594-05,,,,,,今回,,,,,,,,,,,,,,,,,,,,,,,完了,承認済,製番手配入力,確定,,CU,FN,4545,,,22/2807,,,2020/06/10,
製造指示,内作,SZS000076016,1,,,,0,2020/05,100,日本フクラ,0061,南濃工場,8205,検査,A0Z001,自倉庫,4,その他,Z001,作業,Z051,検査・梱包,R240    N  01           38/2567,,,,2020/06/09,,,2020/06/09,,,0,検査しない,2,0,A,40,40,　,,0,0,0,0,0,0,A10000,南濃倉庫,,,,5101,検査,JUC000008676-01,UG,,,,,今回,,,,,,,,,,,,,,,,,,,,,,,完了,承認済,製番手配入力,確定,,R240,N,01,,,38/2567,,,2020/06/10,
製造指示,内作,SZS000076021,1,,,,0,2020/05,100,日本フクラ,0061,南濃工場,8205,検査,A0Z001,自倉庫,4,その他,Z001,作業,Z051,検査・梱包,CU      FN 4545         48/4947,,,,2020/06/09,,,2020/06/09,,,0,検査しない,1,0,A,10,10,　,,0,0,0,0,0,0,A10000,南濃倉庫,,,,5101,検査,JUC000008676-02,,,,,,今回,,,,,,,,,,,,,,,,,,,,,,,完了,承認済,製番手配入力,確定,,CU,FN,4545,,,48/4947,,,2020/06/10,
製造指示,内作,SZS000077065,1,,,,0,2020/05,100,日本フクラ,0061,南濃工場,8205,検査,A0Z001,自倉庫,4,その他,Z001,作業,Z051,検査・梱包,CE22       5        W35 A011,,,,2020/06/09,,,2020/06/09,,,0,検査しない,2,0,A,40,40,　,,0,0,0,0,0,0,A10000,南濃倉庫,,,,5101,検査,JUC000008811-01,,,,,,今回,,,,,,,,,,,,,,,,,,,,,,,完了,承認済,製番手配入力,確定,,CE22,,5,,W35,A011,,,2020/06/10,
製造指示,内作,SZS000077071,1,,,,0,2020/05,100,日本フクラ,0061,南濃工場,8205,検査,A0Z001,自倉庫,4,その他,Z001,作業,Z051,検査・梱包,CE22       3        W35 A011,,,,2020/06/09,,,2020/06/09,,,0,検査しない,1,0,A,20,20,　,,0,0,0,0,0,0,A10000,南濃倉庫,,,,5101,検査,JUC000008812-01,,,,,,今回,,,,,,,,,,,,,,,,,,,,,,,完了,承認済,製番手配入力,確定,,CE22,,3,,W35,A011,,,2020/06/10,
製造指示,内作,SZS000077220,1,,,,0,2020/05,100,日本フクラ,0061,南濃工場,8205,検査,A0Z001,自倉庫,4,その他,Z001,作業,Z051,検査・梱包,SLT009     58R      WH  48/8145       A,,,,2020/06/09,,,2020/06/09,,,0,検査しない,1,0,A,20,20,　,,0,0,0,0,0,0,A10000,南濃倉庫,,,,5101,検査,JUC000008824-01,A:48/8145黄色部分をなるべく入れずに製作,,,,,今回,,,,6/11DP,,,,,,,,,,,,,,,,,,,完了,承認済,製番手配入力,確定,,SLT009,,58R,,WH,48/8145,,A,2020/06/11,
製造指示,内作,SZS000077268,1,,,,0,2020/05,100,日本フクラ,0061,南濃工場,8205,検査,A0Z001,自倉庫,4,その他,Z001,作業,Z051,検査・梱包,D528       10       BW  18/3806,,,,2020/06/09,,,2020/06/09,,,0,検査しない,1,0,A,20,20,　,,0,0,0,0,0,0,A10000,南濃倉庫,,,,5101,検査,JUC000008836-01,UG,,,,,今回,,,,,,,,,,,,,,,,,,,,,,,完了,承認済,製番手配入力,確定,,D528,,10,,BW,18/3806,,,2020/06/11,
製造指示,内作,SZS000077577,1,,,,0,2020/05,100,日本フクラ,0061,南濃工場,8205,検査,A0Z001,自倉庫,4,その他,Z001,作業,Z051,検査・梱包,CH351   A  50           SP/183,,,,2020/06/09,,,2020/06/09,,,0,検査しない,1,0,A,20,20,　,,0,0,0,0,0,0,A10000,南濃倉庫,,,,5101,検査,JUC000008877-01,残:15,,,,,今回,,,,,,,,,,,,,,,,,,,,,,,完了,承認済,製番手配入力,確定,,CH351,A,50,,,SP/183,,,2020/06/10,
製造指示,内作,SZS000077582,1,,,,0,2020/05,100,日本フクラ,0061,南濃工場,8205,検査,A0Z001,自倉庫,4,その他,Z001,作業,Z051,検査・梱包,CH351   A  06           SP/183,,,,2020/06/09,,,2020/06/09,,,0,検査しない,1,0,A,20,20,　,,0,0,0,0,0,0,A10000,南濃倉庫,,,,5101,検査,JUC000008877-02,,,,,,今回,,,,,,,,,,,,,,,,,,,,,,,完了,承認済,製番手配入力,確定,,CH351,A,06,,,SP/183,,,2020/06/10,
製造指示,内作,SZS000077587,1,,,,0,2020/05,100,日本フクラ,0061,南濃工場,8205,検査,A0Z001,自倉庫,4,その他,Z001,作業,Z051,検査・梱包,CH356   N  59           SP/183,,,,2020/06/09,,,2020/06/09,,,0,検査しない,1,0,A,10,10,　,,0,0,0,0,0,0,A10000,南濃倉庫,,,,5101,検査,JUC000008877-03,残:49,,,,,今回,,,,,,,,,,,,,,,,,,,,,,,完了,承認済,製番手配入力,確定,,CH356,N,59,,,SP/183,,,2020/06/10,
製造指示,内作,SZS000077640,1,,,,0,2020/05,100,日本フクラ,0061,南濃工場,8205,検査,A0Z001,自倉庫,4,その他,Z001,作業,Z051,検査・梱包,N264    AN 17S          38/2692        1,,,,2020/06/09,,,2020/06/09,,,0,検査しない,1,0,A,20,20,　,,0,0,0,0,0,0,A10000,南濃倉庫,,,,5101,検査,JUC000008885-01,UG 1:ﾄﾗｲｱﾙ脚,,,,,今回,,,,,,,,,,,,,,,,,,,,,,,完了,承認済,製番手配入力,確定,,N264,AN,17S,,,38/2692,,1,2020/06/09,
製造指示,内作,SZS000077671,1,,,,0,2020/05,100,日本フクラ,0061,南濃工場,8205,検査,A0Z001,自倉庫,4,その他,Z001,作業,Z051,検査・梱包,T306    E  02       DB  48/6009,,,,2020/06/09,,,2020/06/09,,,0,検査しない,1,0,A,20,20,　,,0,0,0,0,0,0,A10000,南濃倉庫,,,,5101,検査,JUC000008892-01,UG　№8892　N900と同ﾛｯﾄ　№8806より切替,,,,,今回,,,,,,,,,,,,,,,,,,,,,,,完了,承認済,製番手配入力,確定,,T306,E,02,,DB,48/6009,,,2020/06/09,
製造指示,内作,SZS000077677,1,,,,0,2020/05,100,日本フクラ,0061,南濃工場,8205,検査,A0Z001,自倉庫,4,その他,Z001,作業,Z051,検査・梱包,N900       17       DB  48/6009,,,,2020/06/09,,,2020/06/09,,,0,検査しない,1,0,A,20,20,　,,0,0,0,0,0,0,A10000,南濃倉庫,,,,5101,検査,JUC000008892-02,№8892　T306と同ﾛｯﾄ,,,,,今回,,,,,,,,,,,,,,,,,,,,,,,完了,承認済,製番手配入力,確定,,N900,,17,,DB,48/6009,,,2020/06/10,
製造指示,内作,SZS000077774,1,,,,0,2020/05,100,日本フクラ,0061,南濃工場,8205,検査,A0Z001,自倉庫,4,その他,Z001,作業,Z051,検査・梱包,N528       17       BW  38/4228,,,,2020/06/09,,,2020/06/09,,,0,検査しない,1,0,A,20,20,　,,0,0,0,0,0,0,A10000,南濃倉庫,,,,5101,検査,JUC000008912-01,UG,,,,,今回,,,,,,,,,,,,,,,,,,,,,,,完了,承認済,製番手配入力,確定,,N528,,17,,BW,38/4228,,,2020/06/09,
製造指示,内作,SZS000077930,1,,,,0,2020/05,100,日本フクラ,0061,南濃工場,8205,検査,A0Z001,自倉庫,4,その他,Z001,作業,Z051,検査・梱包,HR987   N  59           48/2402,,,,2020/06/09,,,2020/06/09,,,0,検査しない,1,0,A,20,20,　,,0,0,0,0,0,0,A10000,南濃倉庫,,,,5101,検査,JUC000008926-01,,,,,,今回,,,,,,,,,,,,,,,,,,,,,,,完了,承認済,製番手配入力,確定,,HR987,N,59,,,48/2402,,,2020/06/09,
製造指示,内作,SZS000077942,1,,,,0,2020/05,100,日本フクラ,0061,南濃工場,8205,検査,A0Z001,自倉庫,4,その他,Z001,作業,Z051,検査・梱包,T623       08    C      22/5509,,,,2020/06/09,,,2020/06/09,,,0,検査しない,1,0,A,10,10,　,,0,0,0,0,0,0,A10000,南濃倉庫,,,,5101,検査,JUC000008928-01,ｶﾊﾞｰのみ,,,,,今回,,,,,,,,,,,,,,,,,,,,,,,完了,承認済,製番手配入力,確定,,T623,,08,C,,22/5509,,,2020/06/09,
製造指示,内作,SZS000077946,1,,,,0,2020/05,100,日本フクラ,0061,南濃工場,8205,検査,A0Z001,自倉庫,4,その他,Z001,作業,Z051,検査・梱包,T623       50    C      22/5509,,,,2020/06/09,,,2020/06/09,,,0,検査しない,1,0,A,10,10,　,,0,0,0,0,0,0,A10000,南濃倉庫,,,,5101,検査,JUC000008928-02,ｶﾊﾞｰのみ,,,,,今回,,,,,,,,,,,,,,,,,,,,,,,完了,承認済,製番手配入力,確定,,T623,,50,C,,22/5509,,,2020/06/09,
製造指示,内作,SZS000078060,1,,,,0,2020/05,100,日本フクラ,0061,南濃工場,8205,検査,A0Z001,自倉庫,4,その他,Z001,作業,Z051,検査・梱包,P717       01       DB  48/8145,,,,2020/06/09,,,2020/06/09,,,0,検査しない,1,0,A,20,20,　,,0,0,0,0,0,0,A10000,南濃倉庫,,,,5101,検査,JUC000008938-01,UG 部材問合せ中,,,,,今回,,,,,,,,,,,,,,,,,,,,,,,完了,承認済,製番手配入力,確定,,P717,,01,,DB,48/8145,,,2020/06/09,
製造指示,内作,SZS000078232,1,,,,0,2020/05,100,日本フクラ,0061,南濃工場,8205,検査,A0Z001,自倉庫,4,その他,Z001,作業,Z051,検査・梱包,0022,,,,2020/06/09,,,2020/06/09,,,0,検査しない,1,0,A,20,15,　,,0,0,0,0,0,0,A10000,南濃倉庫,,,,5101,検査,JUC000008959-01,名№N277 04L座CU中材交換,,,,,今回,,,,,,,,,,,,,,,,,,,,,,,未完了,承認済,製番手配入力,確定,,0022,,,,,,,,2020/06/09,
製造指示,内作,SZS000078778,1,,,,0,2020/05,100,日本フクラ,0061,南濃工場,8205,検査,A0Z001,自倉庫,4,その他,Z001,作業,Z051,検査・梱包,LPP        1002         C/C6,,,,2020/06/09,,,2020/06/09,,,0,検査しない,2,0,A,20,20,　,,0,0,0,0,0,0,A10000,南濃倉庫,,,,5101,検査,JUC000008962-01,,,,,,今回,,,,,,,,,,,,,,,,,,,,,,,完了,承認済,製番手配入力,確定,,LPP,,1002,,,C/C6,,,2020/06/09,
製造指示,内作,SZS000078783,1,,,,0,2020/05,100,日本フクラ,0061,南濃工場,8205,検査,A0Z001,自倉庫,4,その他,Z001,作業,Z051,検査・梱包,LPP        2001         C/C6   C/Y6,,,,2020/06/09,,,2020/06/09,,,0,検査しない,4,0,A,40,40,　,,0,0,0,0,0,0,A10000,南濃倉庫,,,,5101,検査,JUC000008963-01,,,,,,今回,,,,,,,,,,,,,,,,,,,,,,,完了,承認済,製番手配入力,確定,,LPP,,2001,,,C/C6,C/Y6,,2020/06/10,
製造指示,内作,SZS000078240,1,,,,0,2020/05,100,日本フクラ,0061,南濃工場,8205,検査,A0Z001,自倉庫,4,その他,Z001,作業,Z051,検査・梱包,LPP        2001         SD/C3  SD/Q3,,,,2020/06/09,,,2020/06/09,,,0,検査しない,5,0,A,50,50,　,,0,0,0,0,0,0,A10000,南濃倉庫,,,,5101,検査,JUC000008964-01,,,,,,今回,,,,,,,,,,,,,,,,,,,,,,,完了,承認済,製番手配入力,確定,,LPP,,2001,,,SD/C3,SD/Q3,,2020/06/10,
製造指示,内作,SZS000078788,1,,,,0,2020/05,100,日本フクラ,0061,南濃工場,8205,検査,A0Z001,自倉庫,4,その他,Z001,作業,Z051,検査・梱包,LPP        3001         C/C6   C/Y6,,,,2020/06/09,,,2020/06/09,,,0,検査しない,1,0,A,10,10,　,,0,0,0,0,0,0,A10000,南濃倉庫,,,,5101,検査,JUC000008965-01,,,,,,今回,,,,,,,,,,,,,,,,,,,,,,,完了,承認済,製番手配入力,確定,,LPP,,3001,,,C/C6,C/Y6,,2020/06/09,
製造指示,内作,SZS000078245,1,,,,0,2020/05,100,日本フクラ,0061,南濃工場,8205,検査,A0Z001,自倉庫,4,その他,Z001,作業,Z051,検査・梱包,LPP        3001         SD/C3  SD/Q3,,,,2020/06/09,,,2020/06/09,,,0,検査しない,1,0,A,10,10,　,,0,0,0,0,0,0,A10000,南濃倉庫,,,,5101,検査,JUC000008966-01,,,,,,今回,,,,,,,,,,,,,,,,,,,,,,,完了,承認済,製番手配入力,確定,,LPP,,3001,,,SD/C3,SD/Q3,,2020/06/09,
製造指示,内作,SZS000078385,1,,,,0,2020/05,100,日本フクラ,0061,南濃工場,8205,検査,A0Z001,自倉庫,4,その他,Z001,作業,Z051,検査・梱包,N528       42S      DB  48/6000,,,,2020/06/09,,,2020/06/09,,,0,検査しない,1,0,A,20,20,　,,0,0,0,0,0,0,A10000,南濃倉庫,,,,5101,検査,JUC000008983-01,UG　No.8919切替,,,,,今回,,,,,,,,,,,,,,,,,,,,,,,完了,承認済,製番手配入力,確定,,N528,,42S,,DB,48/6000,,,2020/06/09,
製造指示,内作,SZS000078391,1,,,,0,2020/05,100,日本フクラ,0061,南濃工場,8205,検査,A0Z001,自倉庫,4,その他,Z001,作業,Z051,検査・梱包,N528       49       DB  48/6000,,,,2020/06/09,,,2020/06/09,,,0,検査しない,1,0,A,20,20,　,,0,0,0,0,0,0,A10000,南濃倉庫,,,,5101,検査,JUC000008983-02,No.8919切替,,,,,今回,,,,,,,,,,,,,,,,,,,,,,,完了,承認済,製番手配入力,確定,,N528,,49,,DB,48/6000,,,2020/06/09,
製造指示,内作,SZS000078396,1,,,,0,2020/05,100,日本フクラ,0061,南濃工場,8205,検査,A0Z001,自倉庫,4,その他,Z001,作業,Z051,検査・梱包,N528       37           48/6000,,,,2020/06/09,,,2020/06/09,,,0,検査しない,2,0,A,20,20,　,,0,0,0,0,0,0,A10000,南濃倉庫,,,,5101,検査,JUC000008983-03,No.8919切替,,,,,今回,,,,,,,,,,,,,,,,,,,,,,,完了,承認済,製番手配入力,確定,,N528,,37,,,48/6000,,,2020/06/09,
製造指示,内作,SZS000078401,1,,,,0,2020/05,100,日本フクラ,0061,南濃工場,8205,検査,A0Z001,自倉庫,4,その他,Z001,作業,Z051,検査・梱包,N528       26           48/6000,,,,2020/06/09,,,2020/06/09,,,0,検査しない,1,0,A,20,20,　,,0,0,0,0,0,0,A10000,南濃倉庫,,,,5101,検査,JUC000008983-04,No.8919切替,,,,,今回,,,,,,,,,,,,,,,,,,,,,,,完了,承認済,製番手配入力,確定,,N528,,26,,,48/6000,,,2020/06/09,
製造指示,内作,SZS000078406,1,,,,0,2020/05,100,日本フクラ,0061,南濃工場,8205,検査,A0Z001,自倉庫,4,その他,Z001,作業,Z051,検査・梱包,SLT009     58R      WH  48/6002,,,,2020/06/09,,,2020/06/09,,,0,検査しない,1,0,A,20,20,　,,0,0,0,0,0,0,A10000,南濃倉庫,,,,5101,検査,JUC000008983-05,No.8919切替,,,,,今回,,,,,,,,,,,,,,,,,,,,,,,完了,承認済,製番手配入力,確定,,SLT009,,58R,,WH,48/6002,,,2020/06/09,
製造指示,内作,SZS000078411,1,,,,0,2020/05,100,日本フクラ,0061,南濃工場,8205,検査,A0Z001,自倉庫,4,その他,Z001,作業,Z051,検査・梱包,CU      FN 4545         38/2567,,,,2020/06/09,,,2020/06/09,,,0,検査しない,1,0,A,10,10,　,,0,0,0,0,0,0,A10000,南濃倉庫,,,,5101,検査,JUC000008983-06,No.8919切替　布地問合せ済,,,,,今回,,,,,,,,,,,,,,,,,,,,,,,完了,承認済,製番手配入力,確定,,CU,FN,4545,,,38/2567,,,2020/06/09,
製造指示,内作,SZS000078416,1,,,,0,2020/05,100,日本フクラ,0061,南濃工場,8205,検査,A0Z001,自倉庫,4,その他,Z001,作業,Z051,検査・梱包,CU      FN 4545         48/4947,,,,2020/06/09,,,2020/06/09,,,0,検査しない,1,0,A,10,10,　,,0,0,0,0,0,0,A10000,南濃倉庫,,,,5101,検査,JUC000008983-08,No.8919切替　布地問合せ済,,,,,今回,,,,,,,,,,,,,,,,,,,,,,,完了,承認済,製番手配入力,確定,,CU,FN,4545,,,48/4947,,,2020/06/09,
製造指示,内作,SZS000078480,1,,,,0,2020/05,100,日本フクラ,0061,南濃工場,8205,検査,A0Z001,自倉庫,4,その他,Z001,作業,Z051,検査・梱包,LPP        1002         CA/C2,,,,2020/06/09,,,2020/06/09,,,0,検査しない,1,0,A,10,10,　,,0,0,0,0,0,0,A10000,南濃倉庫,,,,5101,検査,JUC000008993-01,,,,,,今回,,,,,,,,,,,,,,,,,,,,,,,完了,承認済,製番手配入力,確定,,LPP,,1002,,,CA/C2,,,2020/06/09,
製造指示,内作,SZS000078828,1,,,,0,2020/05,100,日本フクラ,0061,南濃工場,8205,検査,A0Z001,自倉庫,4,その他,Z001,作業,Z051,検査・梱包,LPP        2001         CA/C2  CA/T8,,,,2020/06/09,,,2020/06/09,,,0,検査しない,5,0,A,50,50,　,,0,0,0,0,0,0,A10000,南濃倉庫,,,,5101,検査,JUC000008994-01,,,,,,今回,,,,,,,,,,,,,,,,,,,,,,,完了,承認済,製番手配入力,確定,,LPP,,2001,,,CA/C2,CA/T8,,2020/06/09,
製造指示,内作,SZS000078833,1,,,,0,2020/05,100,日本フクラ,0061,南濃工場,8205,検査,A0Z001,自倉庫,4,その他,Z001,作業,Z051,検査・梱包,LPP        3001         CA/C2  CA/T8,,,,2020/06/09,,,2020/06/09,,,0,検査しない,1,0,A,10,10,　,,0,0,0,0,0,0,A10000,南濃倉庫,,,,5101,検査,JUC000008995-01,,,,,,今回,,,,,,,,,,,,,,,,,,,,,,,完了,承認済,製番手配入力,確定,,LPP,,3001,,,CA/C2,CA/T8,,2020/06/09,
製造指示,内作,SZS000078838,1,,,,0,2020/05,100,日本フクラ,0061,南濃工場,8205,検査,A0Z001,自倉庫,4,その他,Z001,作業,Z051,検査・梱包,LPP        2002         C/C6   C/T4,,,,2020/06/09,,,2020/06/09,,,0,検査しない,5,0,A,50,50,　,,0,0,0,0,0,0,A10000,南濃倉庫,,,,5101,検査,JUC000008996-01,,,,,,今回,,,,,,,,,,,,,,,,,,,,,,,完了,承認済,製番手配入力,確定,,LPP,,2002,,,C/C6,C/T4,,2020/06/10,
製造指示,内作,SZS000078843,1,,,,0,2020/05,100,日本フクラ,0061,南濃工場,8205,検査,A0Z001,自倉庫,4,その他,Z001,作業,Z051,検査・梱包,LPP        2002         C/C6   C/T4,,,,2020/06/09,,,2020/06/09,,,0,検査しない,4,0,A,40,40,　,,0,0,0,0,0,0,A10000,南濃倉庫,,,,5101,検査,JUC000008996-02,,,,,,今回,,,,,,,,,,,,,,,,,,,,,,,完了,承認済,製番手配入力,確定,,LPP,,2002,,,C/C6,C/T4,,2020/06/10,
製造指示,内作,SZS000078848,1,,,,0,2020/05,100,日本フクラ,0061,南濃工場,8205,検査,A0Z001,自倉庫,4,その他,Z001,作業,Z051,検査・梱包,LPP        3002         C/C6   C/T4,,,,2020/06/09,,,2020/06/09,,,0,検査しない,1,0,A,10,10,　,,0,0,0,0,0,0,A10000,南濃倉庫,,,,5101,検査,JUC000008997-01,,,,,,今回,,,,,,,,,,,,,,,,,,,,,,,完了,承認済,製番手配入力,確定,,LPP,,3002,,,C/C6,C/T4,,2020/06/10,
製造指示,内作,SZS000078585,1,,,,0,2020/05,100,日本フクラ,0061,南濃工場,8205,検査,A0Z001,自倉庫,4,その他,Z001,作業,Z051,検査・梱包,CU      FN 5050         48/2200,,,,2020/06/09,,,2020/06/09,,,0,検査しない,2,0,A,20,20,　,,0,0,0,0,0,0,A10000,南濃倉庫,,,,5101,検査,JUC000009006-01,,,,,,今回,,,,,,,,,,,,,,,,,,,,,,,完了,承認済,製番手配入力,確定,,CU,FN,5050,,,48/2200,,,2020/06/10,
製造指示,内作,SZS000078590,1,,,,0,2020/05,100,日本フクラ,0061,南濃工場,8205,検査,A0Z001,自倉庫,4,その他,Z001,作業,Z051,検査・梱包,CU      FN 5050         38/2546,,,,2020/06/09,,,2020/06/09,,,0,検査しない,2,0,A,20,20,　,,0,0,0,0,0,0,A10000,南濃倉庫,,,,5101,検査,JUC000009006-02,,,,,,今回,,,,,,,,,,,,,,,,,,,,,,,完了,承認済,製番手配入力,確定,,CU,FN,5050,,,38/2546,,,2020/06/10,
製造指示,内作,SZS000078604,1,,,,0,2020/05,100,日本フクラ,0061,南濃工場,8205,検査,A0Z001,自倉庫,4,その他,Z001,作業,Z051,検査・梱包,N528       37           38/4228,,,,2020/06/09,,,2020/06/09,,,0,検査しない,2,0,A,20,20,　,,0,0,0,0,0,0,A10000,南濃倉庫,,,,5101,検査,JUC000009008-01,,,,,,今回,,,,,,,,,,,,,,,,,,,,,,,完了,承認済,製番手配入力,確定,,N528,,37,,,38/4228,,,2020/06/10,
製造指示,内作,SZS000078609,1,,,,0,2020/05,100,日本フクラ,0061,南濃工場,8205,検査,A0Z001,自倉庫,4,その他,Z001,作業,Z051,検査・梱包,D975    CN 10           38/2568,,,,2020/06/09,,,2020/06/09,,,0,検査しない,1,0,A,20,20,　,,0,0,0,0,0,0,A10000,南濃倉庫,,,,5101,検査,JUC000009008-02,No.8629切替　38/2568△確認済,,,,,今回,,,,,,,,,,,,,,,,,,,,,,,完了,承認済,製番手配入力,確定,,D975,CN,10,,,38/2568,,,2020/06/11,
製造指示,内作,SZS000078614,1,,,,0,2020/05,100,日本フクラ,0061,南濃工場,8205,検査,A0Z001,自倉庫,4,その他,Z001,作業,Z051,検査・梱包,D975    CN 10           38/2690,,,,2020/06/09,,,2020/06/09,,,0,検査しない,1,0,A,20,20,　,,0,0,0,0,0,0,A10000,南濃倉庫,,,,5101,検査,JUC000009008-03,,,,,,今回,,,,,,,,,,,,,,,,,,,,,,,完了,承認済,製番手配入力,確定,,D975,CN,10,,,38/2690,,,2020/06/11,
製造指示,内作,SZS000078620,1,,,,0,2020/05,100,日本フクラ,0061,南濃工場,8205,検査,A0Z001,自倉庫,4,その他,Z001,作業,Z051,検査・梱包,N528       42       GY  38/4228,,,,2020/06/09,,,2020/06/09,,,0,検査しない,1,0,A,20,20,　,,0,0,0,0,0,0,A10000,南濃倉庫,,,,5101,検査,JUC000009008-04,UG,,,,,今回,,,,,,,,,,,,,,,,,,,,,,,完了,承認済,製番手配入力,確定,,N528,,42,,GY,38/4228,,,2020/06/10,
製造指示,内作,SZS000078626,1,,,,0,2020/05,100,日本フクラ,0061,南濃工場,8205,検査,A0Z001,自倉庫,4,その他,Z001,作業,Z051,検査・梱包,N528       49       GY  38/4228,,,,2020/06/09,,,2020/06/09,,,0,検査しない,1,0,A,20,20,　,,0,0,0,0,0,0,A10000,南濃倉庫,,,,5101,検査,JUC000009008-05,,,,,,今回,,,,,,,,,,,,,,,,,,,,,,,完了,承認済,製番手配入力,確定,,N528,,49,,GY,38/4228,,,2020/06/10,
製造指示,内作,SZS000078636,1,,,,0,2020/05,100,日本フクラ,0061,南濃工場,8205,検査,A0Z001,自倉庫,4,その他,Z001,作業,Z051,検査・梱包,CH351   A  03           GRBE,,,,2020/06/09,,,2020/06/09,,,0,検査しない,1,0,A,20,20,　,,0,0,0,0,0,0,A10000,南濃倉庫,,,,5101,検査,JUC000009014-01,残:23,,,,,今回,,,,,,,,,,,,,,,,,,,,,,,完了,承認済,製番手配入力,確定,,CH351,A,03,,,GRBE,,,2020/06/10,
製造指示,内作,SZS000078641,1,,,,0,2020/05,100,日本フクラ,0061,南濃工場,8205,検査,A0Z001,自倉庫,4,その他,Z001,作業,Z051,検査・梱包,CH351   A  17S          GRBE,,,,2020/06/09,,,2020/06/09,,,0,検査しない,1,0,A,20,20,　,,0,0,0,0,0,0,A10000,南濃倉庫,,,,5101,検査,JUC000009014-02,,,,,,今回,,,,,,,,,,,,,,,,,,,,,,,完了,承認済,製番手配入力,確定,,CH351,A,17S,,,GRBE,,,2020/06/10,
製造指示,内作,SZS000078646,1,,,,0,2020/05,100,日本フクラ,0061,南濃工場,8205,検査,A0Z001,自倉庫,4,その他,Z001,作業,Z051,検査・梱包,CH356   N  59           GRBE,,,,2020/06/09,,,2020/06/09,,,0,検査しない,1,0,A,10,10,　,,0,0,0,0,0,0,A10000,南濃倉庫,,,,5101,検査,JUC000009014-03,残:49,,,,,今回,,,,,,,,,,,,,,,,,,,,,,,完了,承認済,製番手配入力,確定,,CH356,N,59,,,GRBE,,,2020/06/10,
製造指示,内作,SZS000079822,1,,,,0,2020/06,100,日本フクラ,0061,南濃工場,8205,検査,A0Z001,自倉庫,4,その他,Z001,作業,Z051,検査・梱包,CH1070  I  03           SN/02,,,,2020/06/09,,,2020/06/09,,,0,検査しない,1,0,A,20,20,　,,0,0,0,0,0,0,A10000,南濃倉庫,,,,5101,検査,JUC000009164-01,B 3  C8,,,,,今回,,,,,,,,,,,,,,,,,,,,,,,完了,承認済,製番手配入力,確定,,CH1070,I,03,,,SN/02,,,2020/06/09,
製造指示,内作,SZS000081415,1,,,,0,2020/06,100,日本フクラ,0061,南濃工場,8205,検査,A0Z001,自倉庫,4,その他,Z001,作業,Z051,検査・梱包,0022,,,,2020/06/09,,,2020/06/09,,,0,検査しない,1,0,A,20,20,　,,0,0,0,0,0,0,A10000,南濃倉庫,,,,5101,検査,JUC000009310-01,東№5291　D495 10 NA TL1605 背板修理,,,,,今回,,,,,,,,,,,,,,,,,,,,,,,未完了,承認済,製番手配入力,確定,,0022,,,,,,,,2020/06/10,
製造指示,内作,SZS000082703,1,,,,0,2020/06,100,日本フクラ,0061,南濃工場,8205,検査,A0Z001,自倉庫,4,その他,Z001,作業,Z051,検査・梱包,CU      FN 4545  B,,,,2020/06/09,,,2020/06/09,,,0,検査しない,5,0,A,50,50,　,,0,0,0,0,0,0,A10000,南濃倉庫,,,,5101,検査,JUC000009467-01,ﾇｰﾄﾞのみ　圧縮のまま出荷,,,,,今回,,,,,,,,,,,,,,,,,,,,,,,完了,承認済,製番手配入力,確定,,CU,FN,4545,B,,,,,2020/06/09,
