013CH271-37C SP/183,20,S-‚¦-1,0
013CH271-37C SP/183,10,S-‚¢-1,10
013CH271I-08C SP/183,4,S-‚¦-3,0
013CH271I-08C SP/183,4,S-‚¦-4,0
013CH271I-08C SP/183,2,Q-‚¢-3,2
013CH271I-09C SP/183,4,T-‚ -1,0
013CH271I-09C SP/183,4,T-‚ -2,0
013CH271I-09C SP/183,2,H-‚¢-1,2
013CH271I-49C SP/183,4,T-‚ -3,0
013CH271I-49C SP/183,4,T-‚ -4,0
013CH271I-49C SP/183,2,N-‚¢-1,2
013CH271I-50C SP/183,4,T-‚¢-1,0
013CH271I-50C SP/183,4,T-‚¢-2,0
013CH271I-50C SP/183,4,T-‚¢-3,0
013CH271I-50C SP/183,4,T-‚¢-4,0
013CH271I-50C SP/183,4,T-‚¤-1,0
